Test_MSE,CV_MSE_Mean,CV_MSE_Std
104.20222653187018,74.3136986331017,23.05698452039895
